1,AAAAAAAAAATAGCTGGGCATGGTGGCAGGCGCCTGTAGTTTCAGCTGCTTGGTGTCTGA,N
2,AAAAAAGAAAACAATGAACAAATGAAAGGTGAACCATGAAATGGCATATTTGCAAACCAA,N
3,AAAAATAATAATAAATAAATAAATTTTAAAAACCCTGAATGCCACGGAAGCCGCCATGGC,N
4,AAAAATGATTGTATTTCCTTTCCTCTCCAGACTCTGAGGATTCCTGTTCCTGTACATAAA,IE
5,AAAAATGATTGTATTTCCTTTCCTCTCCAGACTCTGAGGATTCCTGTTCCTGTACATAAA,IE
6,AAAACGCGCCATGCATTGGGTAGCTATTACAGTGCACATTTTTGTGCAGGAAGCTACCCC,N
7,AAAACTATGACAAGTTCATGGAAAAAATGGGTAAAGACTTTATTTCTTTGTGGCTCATTC,EI
8,AAAACTTATACTTTATTTTCCCTGTTGCAGGAAAAAATCATGTCCTACATATGTTCTCAA,IE
9,AAAAGAGCTGATGAAACAATGGCAAGACCTCCAAGGTGAAATTGAAGCTCACACAGATGT,N
10,AAAAGCATTCTAAGGCTGTTTCTCCACCAGGTTTCCGCCCCACCACCTGACGGTGATCTT,IE
11,AAAAGGAAATATCCTCAGATGAAATCTGGAAAGAAGCTTTCTGAGAAACTGCTTAGTGTT,N
12,AAAAGTGCTATCTTAGTGTGTAAAAGGTCATTCAGTGGCATGACTTAGAGGGATTAGAGT,N
13,AAAATACAAAAATTAGCCNNNGGGAGGCCGAGATTACAATGAGCTGAGATCACACCACCA,N
14,AAAATACTGTTTCACACATTCTTTCCAGAACTCGAAGTAGGATTATAGCAAGGTAATAAC,N
15,AAAATAGCTATTGCTAATATTATTGATGAAATCATTGAAAAATTAAAAAGTCTTGATGAG,N
16,AAAATGTCTGCTCAGTTAAAAAAAAAAAAAGTAGTAGTGCCACCCAGTTTCAGGCAGAAA,N
17,AAAATTTGGAGAAAGAGCTTTCAAAGCATGGTAAATACTTTTAAACATAGTTGGCATCTT,EI
18,AAACATACATTGCCAAGGCTATTCCTATGTCATCTGGACACATATAAAATGCTGCTAATG,N
19,AAACATCAACTCCTGACCTAACCGCTTGTGGATTCCAGACATTGTATGAGGAAGACTTCT,N
20,AAACCCGCCTCCCAGGTTTAAGCGATTCTCATGCCTCAGCCTCCCAGTAGCTGGGATTAG,N
21,AAACGCTAATTTTAACACTTATTTTCTTAGTTTCCCAGAAGAGGTCGCCATTGTTGAAGA,IE
22,AAACTAAAGAATTATTCTTTTACATTTCAGTTTTTCTTGATCATGAAAACGCCAACAAAA,IE
23,AAACTACCCCTAAAAGCCAAAATGGGAAAGGAAAAGACTCATATCAACATTGTCGTCATT,N
24,AAACTGAGCTGATGATAATTATTATTCTAGGCCACAGAACTGAAACATCTTCAGTGTCTA,IE
25,AAACTGAGCTGATGATAATTATTATTCTAGGCCACAGAACTGAAACATCTTCAGTGTCTA,IE
26,AAACTGAGCTGATGATAATTATTATTCTAGGCCACAGAACTGAAACATCTTCAGTGTCTA,IE
27,AAACTGCACGTGGATCCTGAGAACTTCAAGGTGAGTGCAGGAGATGCTCATGTCCTCTTT,EI
28,AAACTGGGGCCTGAGACGCCCCTGGCCATGGACCGCTTCCCATACCTGGCTCTGTCCAAG,N
29,AAACTGGTGTTAAAATTACAGTTGTCGCAGGTAAATACACAGAAAGAATAATAATCTGCA,EI
30,AAAGAAATCTTAGATAAGAAGGTTGAGAAGGTAAGCCATTCTGGGGCTAGGATATATTTT,EI
31,AAAGAAGAGAGATAAGTCCAGCTGAGGAGTCTGTGTTATGGGATAATCGGAATTTGTACA,N
32,AAAGAGAATAAAATACCTAGGAATCCAACTTACAAGGGATGTGAAGGACCTCTTCAAGGA,N
33,AAAGAGGTCATATTAATGGGATGAAAACCCAAGTGAGTTATTATATGACCGAGAAAGTCT,N
34,AAAGAGTCCAGGACCAGATGGATTCACAGCCAAATTCTACCAGAGGTACAAGGTGGAACT,N
35,AAAGATGATAAGCCCACTCTACAGCTGGAGGTAAGTGAATGCTATGGAATGAAGCCCTTC,EI
36,AAAGATGCATAGAAAGAGTATAATGTTTTAAAACATAAGGCATTCATCTGCCATTTTTCA,N
37,AAAGCAGATCAGCTGTATAAACAGAAAATTATTCGTGGTTTCTGTCACTTGTGTGATGGT,N
38,AAAGCAGGAAACCTGTGGTATGAAGCCAGACCCCCGAGTGAAGACTACTACTACTACTAC,N
39,AAAGCCACAAGGACCACCCCCACAAGGAGGCAACCAGCCTCAAGGTCCCCCACCTCCTCC,N
40,AAAGCTATGCAATGTCTTCTTTTTTGAAAGGATATAATTGACACTGGCAAAACAATGCAG,IE
41,AAAGCTCACATTTCCAGAAACATTCCATTTCTGCCAGCACCTAGAAGCCAATATTTTGCC,N
42,AAAGGTAATGAGCCTGTGAGGAGTGCCCTGCCACCTGTCCCAGACCTTCCCCACTCCCAC,N
43,AAAGTCAGCTCCACTGAAGCTGTGGCCCGGGATGCGGCTCGTAGCATCCGCAACGACTGG,N
44,AAAGTCGGAGCTGTTTACCCCCACTCTAATAGGGGTTCAATATAAAAAGCCGGCAGAGAG,N
45,AAAGTGTAATTTAAACTAGGGTCTAAATGATAAGTCCGGAGTCCTTCCAGTGAAATAAGG,N
46,AAATAACAACAACAGTCTGTAAACCACTGGATAGGTTTTAATAAATTAACCCAAGTAAAG,N
47,AAATATAAATCGGAGGGGAAGTGCTTCTCTGTTTTGGGATTTTGTAAATCTTCTCAGGTT,N
48,AAATATTTTCATCCCTATTTATTTCTACAGTGCTACAATGAAAAAGAAGGGTGAGAAGAG,IE
49,AAATCCAACACCTCAGCGATGTGGGCACCACATTCAACCTCATTCTGATGCCTGAAAAGC,N
50,AAATCCACCTGCCCCATCCTCTGTTCCCAGGTGATCCTAGGTGGAGGCCGAAAGTACATG,IE
51,AAATGCCATACCCATGGGAGAGAAGAAGGATGTGTATAAGGCGGGTGAGCAAGTGACTTA,N
52,AAATGGAGATGCCAAAACAGACCAGGCACAGAAAGCTGAAGGTGCTGGAGATGCCAAGTG,N
53,AAATGTGAATTTCTGGATTTTTTTTTATAGCATGTTTGTGTCATTAGTGAAACTGGAAAA,IE
54,AAATTGCACGTGGATCCTGAGAATTTCAGGGTAAGTCTATGGAATCTTTGATGTTTTCCT,EI
55,AAATTTGGTTTAGAGGGTCAAAACTGAGTTGTGTATTGATGAATAGCACGGTCCTGCTAC,N
56,AAATTTTGGGACCCGAACTTTCCAAGCCATGTAAGTTCAAGTTCTATCTAGGGAAGAGGG,EI
57,AACAAATACAATTCTGCTCTCTTGTGTATTTGATTTTTGTATGAAAAAAACTAAAAATGG,N
58,AACAACAAGAAACCTCCTATGCAGATGGGCCTTAAATACGGCTGGTGGAGTGGGAACACG,N
59,AACAATCCTTTTTTTTCTTCCCTTGCCCAGACAAGAGTGAGGTTGCTCATCGGTTTAAAG,IE
60,AACAGAGAGAGAACAGCGGCAAGCCCAAGAAGCCCGGGACTCCTGAGAACAATAAGGAGT,N
61,AACAGGCATTCCACAGGCTTTTTCTGGGAACCCTTACTTGATAGTGCTCTAGGAAACACT,N
62,AACAGGCGCTACGAGGTGCCCTTGGAGACCCCGCGTGTCCACAGCCGGGCACCGTCCCCA,N
63,AACAGGTCTCAAACTTAATTATGTAAAGAATATTCTGGAGAGCTTCCTTTTACCCAGTCC,N
64,AACATTCCAATGCATTGCTAAAATATTATTGTGGAAATGAATATTTTGTAACTATTACAC,N
65,AACATTCCTTATTTTTTGCCTCTAGATACCGACTCATTGGTTCCTCGTCTGCCACATGCA,N
66,AACCAACTGTTACAATCAAGGTCTATGAAGGTAATTACCTTAAGTTTGGTTAATATCATG,EI
67,AACCATGACCAGAAGCTATGGGTCAACCCATCTGAGTTCCTACCTGAACGGTTTCTCACC,N
68,AACCCCCTAATTAATCTTCTTTAGAAGTTCTGATTCTTATGTGCCATAATGAATTTTTTT,N
69,AACCTAGAGGCCAAGGTTCAAGTTTACCCATCTCCAGTAGCCTAGCAATATTTGCAACAT,N
70,AACCTCCACTCCCAACCCTACCCCAGGTCTCCTAATTTCAATGGGAAGACCATAATTCAC,N
71,AACCTGAGTAGAGACACTGCTGCTGAGATGGTAAGTGAGAGAATGTGGGCCTGTGCCTAG,EI
72,AACCTGATGAACATCACCCGGGGTTCTGTCCGCATCGAGAAGAACAATGAGCTCTGTTAC,N
73,AACCTTTCCTCTGTCCTCTCTTTTGTATAGGCCGACCAGTGCACGCGTCTCCAGGGCTTC,IE
74,AACGTGGCCTCCTTGTGCCCTTCCCCACAGTGCCCTCTTCCAGGACAAACTTGGAGAAGT,IE
75,AACTAAATCAAGAAGAAATCTCTGTCAATGGAAGAAATTAAGTTTGTAATTTTAAAAATC,N
76,AACTAGATTGGCCATATGTTTATAATTTTTTTAGATTGGGTAATGAATACATGGAGTTTC,N
77,AACTATATTGCGGACATTGAGGTGGACGGCAAGCAGGTGGAGCTGGCTCTGTGGGACACA,N
78,AACTCAAACAGAAGGTGTCTGTTAATGAGAGAGTGATGCCCATCTGCCTACCATCCAAGG,N
79,AACTCCACACAGCAGCCACATGAGATGGGTTGTTTACTTCTTTTTTTTTTGTTTCTTAGA,N
80,AACTCCACAGTCCCCCGCTGCGGGAACCATGGACAAAACTGCTTCACTCTACTAAAAAGT,N
81,AACTCTCTTTCTCCATTTCTTGCCTTTCAGAAGAACATGTGATCATCCAGGCCGAGTTCT,IE
82,AACTCTGGGAACAAGGTTAAAGTGAGCCCGCCAAAATAGAAGCTTTCCGAGCTTCACTTT,N
83,AACTGAAAGTACTCCCTCCTTTTCTGGCAGGACGACAACTTAATGCCTGCCTATTACAAA,IE
84,AACTGAAAGTACTCCCTCCTTTTCTGGCAGGACGACAACTTAATGCCTGCCTATTACAAA,IE
85,AACTGAAAGTACTCCCTCCTTTTCTGGCAGGACGACAACTTAATGCCTGCCTATTACAAA,IE
86,AACTGAAAGTACTCCCTCCTTTTCTGGCAGGACGACAACTTAATGCCTGCCTATTACAAA,IE
87,AACTGGAAGAGAATTCAGAATCATCAAAATTGTTTCAGCCTGGTCAGGTAGGGTGGTCAA,N
88,AACTGTCAGGGGAAGACCTACCTCTTCAAGGTGCCAGGGGCTGTGGGCCAGGGTAGAAAG,EI
89,AACTTCTCCAACGACATCATGCTACTGCAGGTNAGGCACACTCCTGCCACTCTTGCTCTT,EI
90,AACTTGGACACCTGTGCCTTCCATGAACAGCCAGAACTGCAGAAGAAACAGTTGTGCTCT,IE
91,AACTTGGCTTGGGAGTCTGCATCCAACACTTTCTGGCTGTGTGACCTTGGGCAAGTTACT,N
92,AAGAAACTTGATTTCAAAGTTTCTAGTACATCAAATAATCTGATTTCAACAATTCCATCA,N
93,AAGAAGGCCAGTTGTATGGACCGTGTGGTGGTGGTGGGGGTGGTGGCGGCGGCGGCGGCG,N
94,AAGAATCGATGGGGGATGCTTCATGTGAACGTGGGAGTTCAGCTGCTTCTCTTGCCTAAG,N
95,AAGAATGCTTACAATAAACTCTCCTCCAGGGTCTTCCTGGATCACAACGCCCTCCCCGAC,N
96,AAGACCAGGTGGCTCCATGCCTTTCCCCAGGTTCTGGAGATGAGCATTGGGGCGCCGGAA,IE
97,AAGACTTATATTTGTCCTTTTGTTTTTCAGCCTACCATGAGAATAAGAGAAAGAAAATGA,IE
98,AAGACTTATATTTGTCCTTTTGTTTTTCAGCCTACCATGAGAATAAGAGAAAGAAAATGA,IE
99,AAGACTTCTGAGAAGTGGTTCAGGATGGGTTTCAGAACTCTGAGTAAAGTAAGGTCGGAC,N
100,AAGACTTTTTATAGGCTGGTCACACCCGGAGCAGGAGTCAGCCCCAGTCAGGACACAGCA,N
101,AAGAGGGCAGGGAAGGTGGTGTCCGAGGAGGAGCAGCTGGCCCTGGAGGCCAAGGCGGAG,N
102,AAGAGTGCAAATGCACCTCCTGCAAGAAGAGTGAGTGCGGGGCCATCTCCAGGAATCTGG,EI
103,AAGAGTGCAAATGCACCTCCTGCAAGAAGAGTGAGTGTGAGGCCATCTCCATGGTCTGGG,EI
104,AAGATACCCACACATTCCCGGGAAAACATGGTGAGTTTCTGCCCGGAGCCCCCGGAGCGG,EI
105,AAGATCACTGTAGTGGGTGTTGGACAAGTTGGTATGGCGTGTGCTATCAGCATTCTGGGA,N
106,AAGCAAAGTGATATATATTTGTTTATGAAATGTTACATGTAGAAAAATACTGATTTTAAA,N
107,AAGCAACTTTTAAGTGAGGCTGCAAGAGCCGCCGGGATGTAGATTTTAGTTCGTGGCCAA,N
108,AAGCACACCACGGATCTAGATGCCAGTAAAGTGAGTTCAAATATCCCACTTCTGATTTGC,EI
109,AAGCACCCCTACTACAACTCCATTAGCAAGGTGGGCTGCCTTTGCTGGGAAGGCCTCTGG,EI
110,AAGCAGAGCAGGATTAACCCAGGCAGTCTTGCTCTGCAGAACTTGCTCTTAATCAAGGTA,N
111,AAGCATCACCCCCCTCTGGCCTTCCTGCAGGCGGCCGCATCGACCATGGTCATCATGAGG,IE
112,AAGCATTCTCAGAAACTTATTTGAGATGTGTGTACTCAACTAAGAGAATTGAACCACCGT,N
113,AAGCCAATTTTGTCCACGTGTTGAGATCATGTGAGTGAAATCCCATCTGATTATCACTTC,EI
114,AAGCCAGATATGTCTGTGTTCTCTTTGCAGTACTGAAGATAACAGCCAGGGAGGACAAGC,IE
115,AAGCCCATCCTAGAGAAGCTGACCCAGGACCAGGATGTGGACGTCAAATACTTTGCCCAG,N
116,AAGCCTTCGTTGGAAACGGGAATATCTTCCCCTTGAAACTAGACAGAAGCATTCTCAGAA,N
117,AAGCTGACAGTGGACCCGGTCAACTTCAAGGTGAGCCAGGAGTCGGGTGGGAGGGTGAGA,EI
118,AAGCTGAGAGTGGACCCTGTCAACTTCAAGGTGAGCCACCAGTCGGGTGGGGAGGGTGAG,EI
119,AAGCTGATGGCCCTGCAGCTGCTGCTGTGGCACAGTGCACTCTGGACAGTGCAGGAAGCC,N
120,AAGCTGCACGTGGATCCTGAGAACTTCAGGGTGAGTCCAGGAGATGCTTCACTTTTCTCT,EI
121,AAGCTGCACGTGGATCCTGAGAACTTCAGGGTGGGTCCAGGAGATGTTTCACTTTTCTCC,EI
122,AAGCTGCATGTGGATCCTGAGAACTTCAAGGTGAGTCCAGGAGATGTTTCAGCCCTGTTG,EI
123,AAGCTGCATGTGGATCCTGAGAACTTCAGGGTAAGTCTAGGAGATGTTCTTCTTTGTCCT,EI
124,AAGCTGCATGTGGATCCTGAGAACTTCAGGGTGAGTACAGGAGATGTTTCAGCCCTGTTG,EI
125,AAGCTGCATGTGGATCCTGAGAACTTCAGGGTGAGTACAGGAGATGTTTCAGCCCTGTTG,EI
126,AAGCTGCATGTGGATCCTGAGAACTTCAGGGTGAGTCCAGGAGATGTTTCAGCCCTGTTG,EI
127,AAGCTGCATGTGGATCCTGAGAACTTCAGGGTGAGTCCAGGAGTTTCAGCACTGTTGCCT,EI
128,AAGCTGCATGTGGATCCTGAGAACTTCAGGGTGAGTCCAGGAGTTTCAGCAGTTTCAGAG,EI
129,AAGCTGCATGTGGATCCTGAGAACTTCAGGGTGAGTCCAGGAGTTTCAGCAGTTTCAGAG,EI
130,AAGCTTATAGGCTGGTGGAGAGAGAACTCAGACGAAAAATATAATATGATTTCTCTACCC,N
131,AAGCTTCGGGTGGACCCGGTCAACTTCAAGGTGAGCGGCGAGCCGGGAGCGATCTGGGGT,EI
132,AAGCTTCGGGTGGACCCGGTCAACTTCAAGGTGAGCGGCGGGCCGGGAGCGATCTGGGTC,EI
133,AAGCTTCGGGTGGACCCGGTCAACTTCAAGGTGAGCGGCGGGCCGGGAGCGATCTGGGTC,EI
134,AAGCTTCTGAGATTCCCCCATGTGCTGACTGGGACAAACTCTACCCCCCAAAAGAAAAGA,N
135,AAGCTTTACTTTCTTCTTTACCTTCATACCCCTATTCTCTTGGTCTGTGTAAGGTGTTGA,N
136,AAGGAAACCTTAAACTCTCTTATCATTTAGGAATCCTGATGGGGATGCCAAGCCCTGGTG,IE
137,AAGGAAATTTTCCAAAATGTGGATGACACAGTAAGGCCACCATGGGTCCAGAGGATGAGG,EI
138,AAGGAACTGTGTTTGATGCCTTCCCGGATCAGGTGGCCATCCAGCTGAATGATACTCACC,N
139,AAGGACAAGCAGGTCTACCGGGCCACGCACCGCCTGCTGCTGCTGGGTGCTGGAGAATCT,N
140,AAGGACACGGGCAGCAGACAGTGGTCAGTCCTTTCTTGGCTCTGCTGACACTCGAGCCCA,N
141,AAGGACCAGTGAAGACGTCAGGGGCAAGGTCTCGGGGGTCCGGAAGGGTGATCATCGACC,N
142,AAGGACCGGATTTCCGACTGGGGAGAGCTGGTGAGTGCCCTGCAGGAGCGACCCCCAGGA,EI
143,AAGGACTTAGTGACCCACGACCCCTTACAGTGTCTACATTGGGCCAGCAGGACCTTTTAG,IE
144,AAGGAGTGATTTCTATTTCCTTTCTTAAAGAGGAGGAACAAGAAGATGAGGAAGAAATCG,IE
145,AAGGAGTGATTTCTATTTCCTTTCTTAAAGAGGAGGAACAAGAAGATGAGGAAGAAATCG,IE
146,AAGGATGCCGAGGAATGGTTCTTCACCAAGGTGGGTGTCATTTGAGGTGGAAGGAACCCA,EI
147,AAGGATTTGCTGGGAAGTGCTGTGAAATAGGTGAGTAGGTGAGAGCACGTGAAACGAGCT,EI
148,AAGGCGACACTAAGGATTGGCCAAGATGGAATATCTACCAGTGCAACGACCAACTTGAAG,N
149,AAGGCTCAGGAGGAGGGAGATCAACATCAACCTGCCCCGCCCCCTCCCCAGCCTGATAAA,N
150,AAGGCTCCATATATCCATTCAGAATGTCTCAACACAAGAAGTTGCTTGTAGTAAAATGTA,N
151,AAGGGAGGAACAGAAATGAGACCCCTATCTTTCCCTATAAAAACAACATTTTTACTGTCT,N
152,AAGGGAGTGGCTTCCTCTCTGCCTCTGTGCCCACTGACATGTAGGGGAGAGGGGAAGATG,N
153,AAGGGATACTTTGATAATTAAGGCCAGAGGCCCATTAGTTGAGAAAGTCACAGATATATT,N
154,AAGGGCCTGAGGGGGGCTTCTTCCTTCCAGGCGAGCACGACCTCAGCGAGCACGACGGGG,IE
155,AAGGGCGTCTCTTCCTGGGGGCTTTACCAGGTAAGAGAGAATGATGTTCAAGTTCATGAG,EI
156,AAGGGGATCCTCCATGGTGGGAGGAATGGGCTTGAAGTTGTGTGTCCTAAGCTGTGGAGA,N
157,AAGGGGTGGACTCCAGAGACTCTCCCTCCCATTCCCGAGCAGGGTTTGCTTATTTATGCA,N
158,AAGGTCCCGGAGAGCTGAGCAGTCAAGATGGTGGGGCCCAGGTCTTGGGAGACGGGCAGG,EI
159,AAGGTCCCGGAGAGCTGAGCAGTCAAGATGGTGGGGCCCAGGTCTTGGGAGACGGGCAGG,EI
160,AAGGTGAAAAAGGAGGAGGAAGAAGAAGAAAACTTCCCAGGTCAGGCATCCAGCCAACAA,N
161,AAGGTTACCTTGAACAATGACAGCAATGTCTTTGCTGACAGAGCCCAGCTGGTTAGTGGC,N
162,AAGTAGAGCTCAGGGTGTCTCCGTTCGCAGACATACAATGTGGACAGACAGGTGCCAGAC,IE
163,AAGTAGTAAAATATTTTTTTCCCTCTCTAGCTTTACAATAATTTTCCCAGCTTTCTACAC,IE
164,AAGTCCACCTGCCCCATCCTCTGTTCCCAGGTGATCCTAGGTGGAGGCCGAAAGTACATG,IE
165,AAGTGACTGTTTTTCTTTTTCAAAATTTAGATACTTATATGAAATTGCCAGAAGACATCC,IE
166,AAGTTCCTGGCTTCTGTGAGCACCGTGCTGACCTCCAAATACCGTTAAGCTGGAGCCTCG,N
167,AAGTTGCACGTGGATCCTCAGAACTTCACTGTGAGTCTATGGGACCTTCAATGTTTCTCT,EI
168,AATAACACCCTATTGTGGGCTTGCGGAGAATGGGGGACTTCAAGGCGTGTCAGTTTCAGG,N
169,AATAACCTTCTGCTGGCCCCTCTGCCTTAGGAATCATTTTTAATAATGGACCTACCTGGA,IE
170,AATAATGACAGAACCTACTGGGAACTTCTGAGTGGAGGCGAACCACTGAGCCAAGGAGCT,N
171,AATAGATGGGGCTGTGCCTAGTGGGTGCTCAGGCCAGTATGGACTTTATGTGGTCACTGC,N
172,AATATCAACGTAATAGTTCTGGAACTAAAGGTAAGGCATTACTTTATTTGCTCTCCTGGA,EI
173,AATATCAACGTAATAGTTCTGGAACTAAAGGTAAGGCATTACTTTATTTGCTCTCCTGGA,EI
174,AATATCAACGTAATAGTTCTGGAACTAAAGGTAAGGCATTACTTTATTTGCTCTCCTGGA,EI
175,AATATCTCAAAGAATAAGCCACTCTTGAAATTCCAAGTAGGATTATTTTTCTAAATATAG,N
176,AATATCTTTCGTTGGCTTCCAGGTTACAGAAAAATAATTTGTAACAAAGTTTAAAGGTCA,N
177,AATATTACCTGAGGTAAGGTAAGGCAAAGAGTGGGAGGCAGGGAGTCCAGTTCAGGGACG,N
178,AATCAATGAGAAGGGGCTGCCTGCCTGACCACTGGTTGTGTGGATCCTTCGGGAAGGAAA,N
179,AATCAATTATCTTTATTTTTGCTGGCTATGAAACCACGAGCAGTGTTCTCTCCTTCATTA,N
180,AATCATGCCGTGGTGTCTCGGATGGATAAGGTGGAACGCCTGAAACAGGTGCTGCTCCAC,N
181,AATCCAGGTGCAAAACGAATTCTAGAGCTTGACCAGTTTAAGGGGCAGCAGGGACAAAAA,N
182,AATCCTAATGTGATTTAGTAAACATTAGCTAAAGTTTCTCATTCCTCCATGTGAGGGCAT,N
183,AATCCTTTCTTTCAGCTGGAGTGTCCTCAGGAGCCAGCCCCACCCTTAGAAAAGATGTTT,N
184,AATGACTGGGAAGACCACTTGGCAGTCAAGGTGTGAGAAGCCTTTGCATGTTGGCTCAAC,EI
185,AATGAGATTCTCATATTTTGGTCTAAGGATATAGGATACAGTTTTACAGTGGGTGGGTCT,N
186,AATGCCTGCGGAGTTGTGCACGTAGTAGGGTCAGGCCACGGCAGCCTACCGGCAATTTCC,N
187,AATGGACAAGCCTCATCCCAAACTCCATCACCTTTCATATTAACACAAAACTGGGAGTGA,N
188,AATGGATAGACCAGCACTCAGACCACTATTTTCAGTATCTGTTTTTCTTAACTCAGGGCC,N
189,AATGGTGACTTCCGTTACACCACCACAATGGGAGTGAACACCTACAAGGCCCGTATCCAG,N
190,AATGTACAGAGCTAAATAGTAAGAGCCTAACTCATCTTTCCTCCCTTCTATCCTTCTCAA,N
191,AATGTACCACTTATTTTTGGTTTCTTTCAGCACTTTTCTGTAGAAGGTCAGTTGGAATTC,IE
192,AATGTATATGTAATAATTCTTCATTTTCAGGAAGAAGAATTACAGAAATACATCCAGGAG,IE
193,AATGTCGGTCTTTTTTTGTGATTATTCTAGTTATCTCCAGAAGAAGAAGAGAAAAGGAGA,IE
194,AATTAAAAGTTAAATAACTTATCCTTACAGGTGACCTGGTACTGCTTCATGTATGTCCCC,IE
195,AATTATCAATGTTCTAGTTCTGTGGCCATCTGCTTAGTAGAGCTTTTTGCATGTATCTTC,N
196,AATTATCGGAAGCAGTGCCTTCCATAATTATGACAGTTATACTGTCGGTTTTTTTTAAAT,N
197,AATTCAGGCCTGTCCTTAGAATGCTACAGGGTACAGCCCATTTGAGCTCCTGTATAGATA,N
198,AATTGAAGCTTTTTCAGAGCAGAGCAAAGACCTCCCTGCAGCTTTCTTGGCACCAGAATA,N
199,AATTGACTGGGGACGCAGTCTTGTACTATGCACTTTCTTTGCCAAAGGCAAACGCAGAAC,N
200,AATTGAGACATGTCCCTGTTTTTATTACAGTGGCAATGAGGATGACTTGTTCTTTGAAGC,IE